email,Alcoholic,Appetizers,Arcade,Billiards,Bowling,Cocktail,Desserts,Mains,Non-alcoholic,Salads,VR,total_spent_year,visit_count_year,is_loyalty
abigail.chen229@hotmail.com,5,1,4,0,3,4,2,4,7,1,0,402.22,5,1.0
abigail.chow473@gmail.com,3,2,2,1,0,2,1,11,10,3,3,473.31,7,1.0
abigail.johnson162@yahoo.com,7,5,11,8,3,7,7,12,19,2,0,1085.61,13,1.0
abigail.nguyen35@yahoo.com,4,6,6,2,2,2,3,6,7,2,3,598.41,6,1.0
abigail.nowak26@outlook.com,6,4,9,2,1,3,1,7,12,0,2,616.19,9,1.0
abigail.park335@gmail.com,3,1,4,0,0,1,1,5,6,1,1,311.5,4,1.0
abigail.singh287@yahoo.com,7,5,7,2,2,3,2,9,13,1,1,672.91,9,1.0
abigail.smith468@outlook.com,3,3,8,1,1,4,2,4,8,1,3,571.15,5,1.0
abigail.thompson263@hotmail.com,7,3,7,2,1,5,2,8,13,0,1,664.62,9,1.0
abigail.thompson339@gmail.com,4,3,9,1,1,5,1,8,11,0,0,617.4100000000001,6,0.0
aiden.chan248@hotmail.com,11,6,16,4,6,8,5,14,24,2,4,1247.58,15,1.0
aiden.chen118@yahoo.com,2,0,9,2,1,5,1,2,10,1,0,457.13,5,1.0
aiden.garcia277@outlook.com,4,1,2,2,3,8,1,9,11,0,4,572.17,6,1.0
aiden.gonzalez136@yahoo.com,3,7,4,0,0,6,0,7,14,1,1,566.14,8,0.0
aiden.lam185@hotmail.com,6,7,8,4,5,3,2,6,16,0,0,699.46,9,0.0
aiden.macdonald433@outlook.com,7,7,5,2,0,4,2,3,16,1,1,547.11,12,0.0
aiden.martinez228@gmail.com,8,6,9,3,4,11,3,9,22,2,5,1003.0500000000001,13,0.0
aiden.park48@outlook.com,5,5,7,1,1,5,1,9,9,0,0,576.22,6,0.0
aiden.smith493@outlook.com,6,9,8,2,0,1,1,5,10,0,1,668.3,7,1.0
aiden.wong178@hotmail.com,4,5,5,0,1,3,1,6,11,0,1,484.27,8,0.0
alexander.johnson349@outlook.com,4,2,9,1,1,9,1,8,13,2,1,735.62,7,1.0
alexander.lau9@hotmail.com,9,4,8,4,0,8,2,7,16,3,5,876.98,12,1.0
alexander.martinez100@hotmail.com,1,2,4,0,1,1,1,1,7,0,0,231.93,3,0.0
alexander.park254@gmail.com,7,9,16,6,3,11,6,10,20,2,3,1254.11,13,1.0
alexander.patel159@hotmail.com,6,5,9,2,2,4,5,12,14,0,0,819.87,11,0.0
alexander.patel389@gmail.com,3,1,4,1,2,2,1,7,7,2,0,403.24,8,0.0
alexander.su258@hotmail.com,7,5,12,6,2,11,3,12,28,1,4,1132.69,13,1.0
alexander.taylor405@gmail.com,3,6,10,2,1,6,3,7,21,0,2,751.95,11,0.0
alexander.white134@gmail.com,5,3,8,2,1,0,2,7,9,2,0,524.85,6,1.0
alexander.wilson223@icloud.com,8,6,6,4,4,11,3,7,18,0,4,912.8,12,0.0
amelia.gonzalez211@icloud.com,16,6,12,2,3,8,6,17,17,0,2,1194.18,12,1.0
amelia.johnson273@outlook.com,8,4,7,1,1,9,4,9,17,1,2,832.42,13,1.0
amelia.li361@yahoo.com,2,3,12,2,3,7,0,9,13,1,3,805.61,9,1.0
amelia.liu131@yahoo.com,4,2,6,2,2,4,3,5,8,0,3,563.44,5,0.0
amelia.martin461@outlook.com,1,3,2,2,0,4,2,6,9,1,2,384.59000000000003,5,1.0
amelia.nguyen311@outlook.com,1,1,4,0,1,3,0,3,4,1,0,305.89,3,1.0
amelia.rodriguez86@icloud.com,5,2,9,2,1,6,2,5,13,1,5,654.99,10,0.0
amelia.zhang308@outlook.com,15,7,11,5,3,8,6,13,15,3,1,1244.44,11,1.0
aria.anderson151@icloud.com,3,3,6,2,1,2,2,6,12,0,0,471.88,6,0.0
aria.garcia13@hotmail.com,5,3,7,2,2,4,3,9,11,1,4,745.39,7,0.0
aria.garcia364@icloud.com,3,2,9,2,2,5,1,5,15,1,4,627.27,9,0.0
aria.gonzalez193@hotmail.com,5,8,5,0,6,6,3,8,13,0,4,745.58,6,0.0
aria.huang253@yahoo.com,6,8,5,1,1,4,4,8,16,1,2,684.5600000000001,11,1.0
aria.ivanov15@yahoo.com,3,2,3,1,2,1,1,1,7,0,1,317.3,5,1.0
aria.khan113@outlook.com,5,2,9,2,2,3,2,6,9,2,3,711.97,4,1.0
aria.lau174@yahoo.com,4,3,13,1,0,6,1,5,15,2,0,697.47,12,1.0
aria.nowak10@icloud.com,7,4,8,0,1,2,4,5,12,1,1,541.76,9,1.0
aria.nowak441@icloud.com,6,3,7,1,0,7,4,16,20,0,5,926.7,10,1.0
aria.tremblay406@icloud.com,6,3,7,2,1,5,3,4,19,0,0,533.42,9,1.0
ava.chen323@outlook.com,8,1,6,1,2,5,1,6,16,0,3,510.15999999999997,9,1.0
ava.liu81@icloud.com,3,0,3,3,0,2,3,7,12,0,0,447.75,6,1.0
ava.smith409@gmail.com,8,9,7,1,2,6,5,11,21,1,3,927.72,14,0.0
ava.thompson298@outlook.com,5,3,8,0,4,5,2,5,9,2,1,565.4399999999999,7,0.0
avery.brown176@icloud.com,7,5,11,4,3,8,1,11,23,1,1,817.04,9,1.0
avery.chow431@icloud.com,10,6,11,3,5,4,2,5,15,0,3,819.94,10,0.0
avery.khan192@gmail.com,5,5,6,1,1,2,1,5,16,1,4,620.14,7,1.0
avery.lee137@outlook.com,4,4,5,2,2,3,5,5,12,0,3,508.85,7,1.0
avery.su423@outlook.com,8,6,13,3,3,4,2,6,25,1,3,942.22,9,1.0
avery.wilson142@gmail.com,6,6,9,5,2,12,4,13,22,0,1,935.69,10,0.0
benjamin.anderson24@gmail.com,7,7,9,1,0,6,1,5,15,3,2,716.56,8,0.0
benjamin.lam53@gmail.com,3,0,9,0,0,5,1,2,5,0,1,395.81,6,0.0
benjamin.lau498@gmail.com,17,6,6,3,3,14,2,12,29,3,1,1176.18,13,1.0
benjamin.lopez376@yahoo.com,7,4,13,4,2,13,6,11,32,1,2,1162.45,11,0.0
benjamin.nguyen74@icloud.com,9,6,15,1,3,10,8,5,14,1,3,1001.9300000000001,12,1.0
benjamin.park25@icloud.com,4,5,9,1,3,6,2,13,10,0,3,825.8,7,1.0
benjamin.patel42@outlook.com,5,7,8,2,2,6,3,6,16,2,1,731.08,9,0.0
benjamin.su470@hotmail.com,8,6,3,2,0,5,3,4,8,0,0,491.58,7,1.0
benjamin.thompson245@outlook.com,3,3,9,3,3,3,2,12,15,1,5,736.83,7,0.0
benjamin.wilson14@hotmail.com,16,6,18,2,4,9,2,21,21,3,2,1409.21,15,1.0
camila.chan443@hotmail.com,4,1,6,4,1,5,2,6,14,2,4,597.87,8,1.0
camila.chen115@gmail.com,3,2,5,2,1,2,3,2,10,2,1,439.28,5,0.0
camila.kowalski384@hotmail.com,5,4,2,1,1,4,0,2,9,0,2,341.82,4,1.0
camila.patel33@yahoo.com,5,0,6,2,2,9,2,7,20,0,2,705.13,11,1.0
camila.rodriguez435@hotmail.com,3,1,0,0,0,1,1,1,5,1,1,139.14,3,1.0
camila.roy221@outlook.com,5,12,9,0,3,11,3,8,15,4,1,968.99,7,1.0
camila.singh467@outlook.com,6,2,6,4,1,8,2,5,11,2,0,654.1800000000001,7,0.0
carter.garcia37@hotmail.com,2,3,3,0,1,1,2,4,5,1,0,297.59,4,1.0
carter.gonzalez338@gmail.com,7,3,12,1,2,5,5,5,20,2,3,676.48,14,1.0
carter.kim97@icloud.com,5,1,7,4,2,6,5,6,12,2,2,677.7,6,1.0
carter.liu164@outlook.com,3,1,5,0,0,5,3,5,11,2,1,458.28,5,1.0
carter.patel6@yahoo.com,4,4,5,2,5,6,3,5,15,3,4,718.99,8,0.0
carter.roy463@outlook.com,12,8,9,5,2,5,3,13,18,1,1,1144.07,9,1.0
carter.white124@yahoo.com,3,0,2,0,0,1,3,6,12,0,0,247.13,4,1.0
carter.zhang403@gmail.com,6,3,11,2,2,8,3,8,10,2,5,974.3399999999999,11,1.0
charlotte.anderson449@yahoo.com,5,1,4,1,1,3,2,3,6,1,2,315.76,6,1.0
charlotte.chan310@outlook.com,3,3,1,2,1,5,3,4,5,3,0,444.77,6,1.0
charlotte.khan313@gmail.com,3,4,17,2,3,9,7,19,24,3,1,1259.8,13,1.0
charlotte.lam401@hotmail.com,4,3,5,7,0,5,4,9,19,1,6,826.4,10,0.0
charlotte.liu453@yahoo.com,2,6,11,1,2,4,1,12,18,0,2,789.79,7,1.0
charlotte.thompson492@icloud.com,7,5,8,3,3,3,4,9,16,0,1,709.0899999999999,9,0.0
charlotte.tremblay318@yahoo.com,2,0,8,0,3,2,1,4,10,1,1,463.03,6,1.0
chloe.chen344@icloud.com,3,8,12,0,5,7,5,17,22,1,4,1045.56,12,0.0
chloe.kim399@outlook.com,9,5,11,2,3,4,3,9,16,2,1,862.94,7,1.0
chloe.li177@hotmail.com,6,2,2,1,0,2,1,2,6,0,0,262.79,3,0.0
chloe.nowak316@gmail.com,8,8,11,3,4,10,3,9,24,2,3,1054.19,11,1.0
chloe.park89@icloud.com,6,3,7,0,3,11,1,7,13,4,3,753.66,10,1.0
chloe.rodriguez340@hotmail.com,9,3,12,3,2,7,2,11,13,1,2,892.81,10,1.0
chloe.roy274@outlook.com,5,3,4,2,0,6,2,8,6,3,4,657.5699999999999,6,0.0
chloe.thompson200@yahoo.com,3,2,4,0,0,3,3,10,10,0,3,523.02,7,0.0
chloe.wilson133@hotmail.com,7,4,2,0,2,6,2,13,10,1,1,693.37,13,1.0
chloe.zhang109@hotmail.com,4,3,10,3,1,3,2,7,15,1,4,682.75,8,0.0
daniel.gonzalez328@icloud.com,4,1,8,0,1,3,2,8,10,0,2,582.45,7,0.0
daniel.kim417@hotmail.com,1,0,1,0,0,4,1,1,2,0,0,161.19,3,0.0
daniel.lin28@outlook.com,3,5,6,4,3,5,1,9,13,1,2,718.9200000000001,12,1.0
daniel.lopez257@gmail.com,2,4,11,0,1,7,1,9,9,0,1,663.61,7,1.0
daniel.martinez225@gmail.com,5,0,9,0,3,7,2,6,11,2,2,638.6,8,0.0
daniel.taylor190@yahoo.com,5,3,13,2,5,7,4,7,9,0,0,827.61,9,0.0
daniel.wong380@hotmail.com,3,0,7,2,4,4,1,2,9,1,1,394.54,6,1.0
david.anderson336@gmail.com,7,4,6,1,0,12,2,8,13,2,4,784.3599999999999,10,1.0
david.chen436@icloud.com,6,8,14,4,9,6,5,7,27,2,3,1062.06,13,1.0
david.kim222@gmail.com,12,9,9,3,4,5,5,13,19,2,2,1048.54,12,0.0
david.rodriguez141@yahoo.com,3,2,7,0,0,4,1,1,8,0,2,354.05,7,1.0
david.white374@gmail.com,4,4,5,2,1,7,1,4,18,1,3,530.01,8,1.0
david.wilson132@outlook.com,9,3,11,2,3,4,3,11,26,4,2,1059.05,12,1.0
elijah.gonzalez127@outlook.com,1,1,3,0,2,2,0,2,9,0,0,222.10999999999999,3,1.0
elijah.khan272@yahoo.com,1,4,8,1,1,7,3,6,12,0,2,646.96,10,1.0
elijah.lam319@outlook.com,10,2,10,4,5,1,3,6,20,2,1,799.6199999999999,10,0.0
elijah.martin454@outlook.com,10,5,11,2,1,3,1,7,10,3,2,786.71,10,1.0
elijah.nowak196@yahoo.com,11,6,8,11,3,10,5,11,26,3,4,1197.96,12,1.0
elijah.singh52@hotmail.com,3,2,7,1,3,10,5,14,15,1,1,881.51,8,0.0
elijah.wang23@icloud.com,11,3,7,4,0,5,3,9,17,0,2,730.11,12,0.0
elijah.zhang168@hotmail.com,2,1,6,1,0,5,3,2,9,0,1,410.15,5,1.0
ella.chen256@outlook.com,3,4,10,1,1,1,1,5,10,2,1,630.4599999999999,6,0.0
ella.huang175@hotmail.com,6,2,7,1,2,5,4,7,12,1,1,736.8299999999999,8,1.0
ella.huang367@outlook.com,3,3,4,5,0,4,1,8,7,0,0,480.89,6,0.0
ella.khan39@hotmail.com,7,5,10,1,2,7,5,10,17,0,2,818.7,12,0.0
ella.lin358@yahoo.com,7,3,15,7,3,5,3,2,6,1,3,786.95,9,1.0
ella.tremblay402@icloud.com,3,3,8,2,4,2,0,3,15,1,1,499.17,6,0.0
emily.gonzalez448@hotmail.com,1,2,7,0,0,1,1,3,5,2,1,317.21999999999997,5,1.0
emily.huang297@outlook.com,3,8,7,2,2,2,2,5,13,2,2,680.65,10,0.0
emily.kowalski78@gmail.com,8,6,10,2,1,7,2,8,20,1,1,807.75,12,1.0
emily.lee345@icloud.com,4,4,12,2,4,6,2,5,8,2,4,747.49,8,0.0
emily.nowak125@icloud.com,8,9,11,0,0,4,3,9,16,1,3,779.99,10,1.0
emma.anderson437@gmail.com,4,5,8,2,2,7,1,11,8,1,2,799.37,7,1.0
emma.chan169@icloud.com,8,5,6,0,1,4,1,3,12,3,1,534.75,6,0.0
emma.kowalski259@hotmail.com,8,7,7,1,4,10,3,6,19,1,1,806.07,10,1.0
emma.lau355@hotmail.com,7,7,16,4,5,8,5,8,18,2,4,1145.97,10,1.0
emma.lin332@yahoo.com,3,0,5,1,1,3,5,6,7,1,2,516.1700000000001,7,0.0
emma.liu55@icloud.com,3,2,8,1,0,2,2,4,9,1,4,462.28000000000003,8,0.0
emma.singh275@gmail.com,2,5,10,2,3,7,3,7,15,0,1,729.12,7,1.0
emma.singh96@hotmail.com,6,2,7,0,4,5,4,7,15,2,2,662.59,9,1.0
emma.su325@yahoo.com,5,5,11,1,0,3,0,10,18,1,1,732.22,10,0.0
emma.tremblay451@icloud.com,4,3,3,3,1,1,0,6,5,0,0,377.48,6,0.0
emma.wilson303@outlook.com,9,3,13,2,1,5,6,8,21,3,6,1028.69,13,1.0
emma.zhang369@outlook.com,5,2,6,1,2,4,3,2,11,0,0,471.87,6,0.0
ethan.anderson232@hotmail.com,14,7,17,2,1,10,5,20,19,2,4,1419.42,16,0.0
ethan.johnson122@icloud.com,6,9,6,2,2,10,0,4,6,1,1,667.36,9,1.0
ethan.lam179@icloud.com,10,4,7,3,3,3,1,6,16,4,1,758.87,9,0.0
ethan.lam84@hotmail.com,1,1,7,1,2,3,3,4,9,1,2,462.42,7,1.0
ethan.lopez167@hotmail.com,4,4,9,3,1,7,0,13,15,1,2,870.16,10,0.0
ethan.macdonald77@hotmail.com,5,9,6,1,3,6,0,8,16,1,5,794.21,8,0.0
evelyn.chen447@yahoo.com,5,2,3,0,3,6,0,3,7,0,0,329.84000000000003,8,1.0
evelyn.lee148@gmail.com,9,4,14,3,2,10,2,14,12,0,2,1033.38,12,1.0
evelyn.martinez130@hotmail.com,5,5,9,2,0,2,2,12,12,2,1,793.6,7,1.0
evelyn.nguyen65@outlook.com,5,5,5,1,1,5,3,6,11,0,1,497.7,8,1.0
evelyn.white385@outlook.com,6,5,14,3,0,12,3,12,16,4,3,1199.96,13,0.0
grace.lee499@hotmail.com,7,8,18,2,0,6,3,9,20,3,1,1009.65,12,1.0
grace.lopez418@outlook.com,4,4,9,2,3,6,2,9,9,0,1,753.88,9,1.0
grace.nguyen312@icloud.com,6,6,22,2,4,17,0,17,18,2,3,1550.55,12,1.0
grace.su191@gmail.com,3,0,7,0,1,5,1,6,5,2,1,428.25,7,1.0
grace.su408@gmail.com,7,8,8,3,3,8,2,13,19,0,4,1020.26,9,1.0
grace.wang393@hotmail.com,13,5,17,3,3,9,8,16,27,2,7,1610.17,19,0.0
hannah.lin411@hotmail.com,7,2,4,6,2,5,2,8,20,4,2,742.86,8,0.0
hannah.lopez293@hotmail.com,6,9,5,3,3,10,2,7,11,2,3,884.19,12,1.0
hannah.nowak22@outlook.com,11,6,5,1,4,2,4,6,18,1,2,739.17,9,0.0
hannah.rodriguez220@icloud.com,9,2,10,1,3,3,4,9,11,2,0,663.1600000000001,8,1.0
harper.chen291@hotmail.com,6,6,6,3,6,4,2,3,22,0,3,646.76,10,1.0
harper.ivanov327@hotmail.com,6,6,9,4,1,12,0,6,6,3,1,912.1,9,1.0
harper.liu61@outlook.com,6,1,9,4,4,8,4,13,17,2,1,941.84,12,1.0
harper.martinez292@yahoo.com,10,0,8,4,2,6,5,8,14,1,4,798.8199999999999,11,0.0
harper.nguyen486@yahoo.com,6,6,15,6,1,4,3,9,27,4,2,1006.22,10,1.0
harper.nowak5@outlook.com,2,2,4,0,0,2,0,4,6,0,2,292.39,7,0.0
harper.singh329@outlook.com,12,1,5,4,3,4,2,9,13,2,3,747.23,9,1.0
harper.tremblay30@gmail.com,5,3,3,2,2,6,4,11,11,1,0,645.62,8,0.0
henry.brown105@yahoo.com,5,5,11,3,4,6,5,11,27,1,2,954.9699999999999,11,0.0
henry.chow299@outlook.com,3,0,9,3,3,2,3,8,17,2,2,603.69,9,0.0
henry.kowalski314@yahoo.com,8,5,10,3,1,6,2,7,12,0,0,722.93,7,1.0
henry.lam334@gmail.com,2,1,5,1,1,9,3,5,9,2,4,545.28,8,1.0
henry.lin68@hotmail.com,1,6,2,0,0,5,2,8,8,3,4,598.51,7,1.0
henry.martin143@yahoo.com,2,1,14,1,0,1,5,6,13,0,5,706.6800000000001,7,1.0
henry.park477@hotmail.com,10,9,8,3,3,4,4,8,10,0,2,815.74,7,1.0
henry.roy106@hotmail.com,7,5,9,1,4,8,2,7,10,3,0,765.62,9,1.0
henry.singh421@gmail.com,4,5,7,2,2,5,2,12,18,0,2,738.55,12,1.0
henry.smith288@gmail.com,3,1,9,3,1,4,2,4,9,1,3,658.85,5,1.0
henry.white239@outlook.com,6,4,9,1,1,7,1,8,8,0,0,567.73,8,1.0
henry.zhang139@gmail.com,7,6,11,2,3,4,4,5,18,4,1,797.23,10,1.0
isabella.gonzalez414@gmail.com,10,4,10,4,3,10,4,12,17,2,1,997.71,11,1.0
isabella.park487@yahoo.com,5,6,16,4,2,6,0,9,12,6,0,1052.95,10,1.0
isabella.tremblay7@outlook.com,5,3,4,1,2,2,1,8,12,3,1,551.16,7,0.0
isabella.white72@outlook.com,6,6,11,2,1,8,3,7,17,2,2,857.48,9,0.0
jack.anderson427@hotmail.com,6,8,16,3,1,7,3,11,17,2,5,1285.46,15,0.0
jack.brown341@yahoo.com,14,6,10,3,5,11,5,10,17,4,2,1161.21,12,0.0
jack.garcia224@gmail.com,3,5,4,0,0,4,2,6,20,1,3,525.78,7,1.0
jack.gonzalez233@gmail.com,5,3,4,2,0,2,1,4,15,0,2,436.53,7,1.0
jack.khan123@outlook.com,5,2,2,0,2,6,3,9,6,1,2,527.59,6,1.0
jack.khan166@hotmail.com,14,3,11,3,4,8,4,6,21,3,2,896.31,11,0.0
jack.lam160@icloud.com,8,8,8,1,2,4,3,11,17,2,3,910.77,10,1.0
jack.liu119@gmail.com,3,3,3,1,4,4,1,17,11,0,1,595.97,7,0.0
jack.lopez182@yahoo.com,3,6,6,3,2,1,4,6,14,2,0,697.45,8,1.0
jack.nguyen394@icloud.com,8,3,9,7,3,8,2,19,20,2,1,1128.7,12,1.0
jack.nowak350@outlook.com,8,9,12,4,4,10,3,17,20,3,5,1398.29,17,1.0
jack.roy278@hotmail.com,0,3,5,2,0,3,3,4,10,0,1,419.24,4,0.0
jack.wilson218@outlook.com,9,2,11,4,1,10,4,11,13,3,3,1010.93,10,0.0
jackson.brown140@hotmail.com,7,1,8,2,2,6,3,6,14,1,1,561.45,7,1.0
jackson.kowalski152@gmail.com,3,2,5,0,2,7,2,9,17,0,1,552.0,8,1.0
jackson.kowalski455@yahoo.com,7,7,14,7,3,7,2,7,12,4,6,1114.56,10,1.0
jackson.liu3@outlook.com,3,2,3,2,0,3,1,7,13,0,2,441.27,7,0.0
jackson.martin170@gmail.com,5,7,17,1,2,6,3,10,16,1,3,984.47,10,1.0
jackson.roy27@yahoo.com,9,8,15,2,6,11,2,13,27,1,5,1339.57,14,1.0
jackson.thompson161@icloud.com,5,4,5,2,2,2,5,3,9,2,1,491.96,8,0.0
jackson.tremblay396@yahoo.com,3,4,2,0,1,3,3,3,5,1,3,406.72,4,0.0
jacob.chow45@icloud.com,9,6,17,2,1,7,1,6,25,5,2,1068.95,13,0.0
jacob.garcia285@hotmail.com,2,3,7,1,0,11,0,5,8,1,3,588.14,9,1.0
jacob.johnson214@outlook.com,3,5,6,1,2,5,5,7,10,0,1,616.0,7,0.0
jacob.li446@hotmail.com,8,6,11,4,2,9,6,19,13,2,2,1166.97,14,0.0
jacob.lin484@gmail.com,4,6,10,3,3,8,3,5,13,3,2,844.59,8,1.0
jacob.lopez201@yahoo.com,4,2,3,0,1,3,1,4,8,1,0,278.67,9,0.0
jacob.martin290@yahoo.com,8,6,12,2,2,9,2,10,20,4,2,1013.23,10,0.0
jacob.patel20@gmail.com,5,6,8,3,4,9,0,6,15,0,3,873.65,9,0.0
jacob.smith482@gmail.com,6,2,4,1,4,4,2,1,13,2,3,467.79,8,1.0
jacob.thompson51@icloud.com,4,1,6,2,0,3,0,7,11,0,2,519.98,5,1.0
james.chow145@icloud.com,9,11,15,8,2,11,5,11,27,5,6,1419.49,15,1.0
james.chow457@yahoo.com,5,3,10,3,0,6,5,4,18,1,1,666.0799999999999,10,1.0
james.khan240@gmail.com,9,3,10,2,5,5,4,12,25,1,0,924.9000000000001,11,0.0
james.kowalski157@yahoo.com,8,6,8,0,2,9,6,8,18,5,0,928.39,11,0.0
james.lam438@icloud.com,5,8,6,0,0,5,3,3,6,1,1,568.91,5,0.0
james.patel154@outlook.com,12,5,15,1,4,5,4,10,19,0,6,1043.21,15,1.0
james.tremblay17@outlook.com,5,0,10,1,2,10,2,7,15,2,1,706.2,7,1.0
james.wang283@icloud.com,4,6,8,0,1,6,3,9,15,2,3,754.4300000000001,11,1.0
james.wang383@gmail.com,6,3,12,1,1,5,3,5,20,0,3,737.5,7,1.0
james.white116@gmail.com,3,3,5,3,0,4,2,3,10,3,2,465.84,6,0.0
james.white31@icloud.com,2,3,9,3,3,3,2,6,15,1,2,633.29,9,0.0
james.zhang47@yahoo.com,9,3,12,4,2,8,3,16,26,0,2,1126.84,11,1.0
john.anderson64@yahoo.com,3,6,12,2,2,6,3,11,12,0,3,873.38,8,0.0
john.chen114@icloud.com,4,3,5,1,1,1,2,7,11,0,2,479.25,6,1.0
john.gonzalez429@outlook.com,2,3,4,4,0,4,2,6,8,0,1,474.28,6,0.0
john.lau426@outlook.com,7,7,11,1,2,7,3,15,21,0,2,964.28,9,1.0
john.li445@outlook.com,3,3,6,2,2,1,5,3,12,3,2,469.94,6,0.0
john.lin172@outlook.com,6,6,8,3,0,8,2,9,10,1,1,855.71,8,1.0
john.nguyen261@hotmail.com,6,3,9,0,2,6,0,7,13,1,2,640.15,7,0.0
john.patel21@yahoo.com,9,3,11,1,5,6,3,8,12,1,0,751.27,9,1.0
john.smith377@gmail.com,6,3,11,5,7,8,6,11,24,1,3,1156.46,14,1.0
john.taylor88@hotmail.com,1,2,8,0,1,5,1,3,14,0,3,510.25,7,1.0
john.white173@yahoo.com,5,3,8,0,1,6,3,14,15,0,3,813.01,12,0.0
joseph.brown481@hotmail.com,5,3,7,1,3,4,5,6,20,2,7,756.38,7,1.0
joseph.chan456@yahoo.com,10,2,12,4,4,8,0,8,10,3,2,940.6800000000001,11,0.0
joseph.khan73@hotmail.com,13,4,17,4,2,7,5,16,30,2,3,1343.65,12,1.0
joseph.lopez252@icloud.com,12,4,8,1,1,5,4,6,16,0,4,730.4,10,1.0
joseph.nguyen416@icloud.com,9,5,17,3,0,13,4,7,18,1,2,1112.26,10,1.0
layla.chow107@outlook.com,7,4,15,2,3,12,5,19,24,4,7,1391.13,12,1.0
layla.garcia440@hotmail.com,8,3,10,2,3,6,6,11,13,1,4,921.72,14,0.0
layla.gonzalez4@icloud.com,4,2,6,0,3,5,3,2,6,0,4,524.54,5,1.0
layla.lam324@icloud.com,2,1,5,1,1,1,1,2,5,0,0,259.75,5,0.0
layla.lin370@yahoo.com,0,2,8,2,1,2,1,6,16,2,3,564.75,6,0.0
layla.martinez199@hotmail.com,9,6,8,5,5,9,6,12,19,3,0,1035.78,12,1.0
layla.nguyen320@yahoo.com,4,3,12,2,4,6,6,8,14,0,3,881.0699999999999,10,0.0
layla.nowak71@gmail.com,7,2,10,4,2,3,1,10,16,0,1,758.15,9,1.0
layla.thompson352@hotmail.com,6,7,7,1,3,4,3,11,27,0,0,801.8399999999999,9,1.0
layla.tremblay32@outlook.com,5,9,6,2,2,6,6,12,13,1,0,823.03,10,1.0
layla.tremblay460@yahoo.com,9,7,4,2,3,10,4,16,14,4,4,1093.81,8,1.0
layla.wilson194@icloud.com,1,3,8,0,4,5,2,3,13,1,2,493.75,7,1.0
layla.zhang187@gmail.com,4,5,7,2,1,5,1,3,19,1,1,496.19,7,1.0
leo.huang250@gmail.com,6,8,12,1,3,4,4,9,18,0,1,835.63,8,0.0
leo.kim238@hotmail.com,8,5,12,3,3,6,5,12,25,0,2,1039.3600000000001,8,1.0
leo.martinez276@yahoo.com,10,10,12,1,3,11,4,11,27,5,1,1232.12,15,1.0
leo.park442@outlook.com,5,2,5,1,0,1,0,7,6,0,1,416.25,4,0.0
leo.thompson391@outlook.com,6,5,14,2,2,13,4,11,21,1,4,1138.3700000000001,13,1.0
liam.huang425@gmail.com,11,5,3,3,1,3,3,9,22,1,4,768.22,8,0.0
liam.lam326@yahoo.com,4,0,6,3,2,2,0,4,10,2,1,459.09000000000003,6,0.0
liam.rodriguez262@gmail.com,5,4,7,1,0,6,2,5,17,2,1,544.71,9,1.0
liam.singh422@yahoo.com,4,2,4,0,1,4,0,4,9,0,1,356.30999999999995,3,1.0
liam.wong197@icloud.com,2,0,2,0,1,1,1,4,4,1,0,229.87,4,0.0
lily.lee208@gmail.com,7,4,5,0,2,7,2,12,12,0,1,753.48,9,1.0
lily.lee488@yahoo.com,3,2,1,0,0,2,1,1,5,0,1,174.43,2,1.0
lily.liu50@yahoo.com,7,6,9,6,0,9,4,8,19,2,1,907.3199999999999,13,1.0
lily.rodriguez147@yahoo.com,10,13,14,2,2,9,5,9,21,3,2,1175.92,12,1.0
lily.su398@yahoo.com,4,1,7,2,1,6,2,2,14,2,1,539.04,8,1.0
lily.tremblay186@yahoo.com,7,4,1,1,1,3,4,7,8,1,1,533.97,8,1.0
lily.white195@yahoo.com,9,6,12,4,4,7,3,14,19,1,3,1256.52,10,1.0
lily.zhang158@outlook.com,4,3,8,1,2,7,4,3,12,2,2,615.47,8,0.0
lily.zhang249@yahoo.com,6,9,12,4,1,6,1,9,18,2,7,1014.14,10,1.0
logan.kowalski231@outlook.com,7,2,3,3,3,4,2,5,17,3,0,549.78,10,1.0
logan.taylor85@hotmail.com,7,2,8,4,4,5,1,7,11,2,4,787.43,9,1.0
logan.wilson129@icloud.com,4,3,8,0,0,3,2,2,10,3,2,440.15999999999997,7,1.0
logan.wilson333@yahoo.com,3,0,6,0,0,3,2,5,6,0,1,334.36,6,0.0
logan.zhang189@icloud.com,6,7,9,3,3,6,2,11,13,4,2,891.81,11,1.0
lucas.chan101@icloud.com,2,1,1,0,1,3,0,2,7,0,2,227.3,6,0.0
lucas.huang243@yahoo.com,10,14,13,2,7,6,3,10,31,1,3,1171.8899999999999,19,1.0
lucas.ivanov44@yahoo.com,13,6,18,6,1,6,4,9,23,4,2,1152.51,14,0.0
lucas.ivanov58@outlook.com,5,9,9,5,4,9,8,7,21,1,5,1067.24,12,1.0
lucas.johnson76@outlook.com,4,7,13,4,5,11,7,13,36,1,2,1275.4499999999998,13,1.0
lucas.taylor317@icloud.com,2,2,8,1,1,6,3,3,22,1,2,618.21,7,0.0
luke.anderson415@hotmail.com,2,2,5,2,2,5,1,3,14,3,2,472.28999999999996,8,1.0
luke.lau347@gmail.com,9,6,11,6,2,5,4,18,18,1,1,1136.1200000000001,12,1.0
luke.li135@yahoo.com,5,4,4,0,1,4,2,5,9,0,1,508.1,6,1.0
luke.su353@icloud.com,11,9,14,1,4,14,6,18,26,2,6,1526.8999999999999,14,1.0
luna.chow322@icloud.com,7,5,12,0,3,6,4,13,15,2,2,943.53,12,1.0
luna.johnson351@gmail.com,5,6,8,2,1,3,7,10,10,1,1,855.98,9,1.0
luna.khan266@yahoo.com,11,6,10,2,2,11,3,9,10,3,3,1052.45,12,1.0
luna.khan281@gmail.com,5,2,6,3,1,5,3,3,9,1,3,524.64,6,1.0
luna.lin388@hotmail.com,3,0,8,1,1,5,1,5,13,2,2,574.1,5,1.0
luna.macdonald412@yahoo.com,6,4,7,3,2,5,3,10,15,2,1,731.27,8,1.0
luna.thompson392@icloud.com,8,5,16,1,7,15,8,14,20,4,3,1474.74,11,1.0
madison.chen163@yahoo.com,1,2,6,1,3,1,2,4,12,2,1,421.58000000000004,7,1.0
madison.garcia466@outlook.com,5,3,5,0,0,5,2,7,12,1,1,500.69,7,0.0
madison.huang83@hotmail.com,7,9,5,1,2,4,4,8,10,1,0,637.31,9,1.0
madison.ivanov444@hotmail.com,1,3,9,0,3,2,1,8,9,0,5,614.66,7,1.0
madison.kim475@outlook.com,6,4,13,1,0,3,4,5,12,1,0,700.9,6,1.0
madison.lin112@outlook.com,5,7,9,1,0,3,6,2,11,1,3,607.48,7,1.0
madison.lin227@icloud.com,4,8,13,2,0,6,3,8,16,1,1,862.57,11,1.0
madison.lopez375@gmail.com,3,5,11,0,2,6,3,3,8,1,0,565.04,8,1.0
madison.macdonald156@outlook.com,7,0,2,3,0,1,1,1,6,0,2,286.29,6,1.0
madison.park207@hotmail.com,4,4,6,4,0,9,1,14,8,0,2,797.51,10,0.0
madison.roy419@icloud.com,9,4,13,2,3,7,1,9,17,2,3,913.05,10,0.0
madison.white459@icloud.com,15,5,12,2,1,9,6,10,27,0,4,1098.98,13,0.0
madison.wong366@yahoo.com,8,0,5,1,2,2,4,10,11,1,1,572.23,8,0.0
mason.chan230@icloud.com,3,5,11,3,0,5,0,5,17,1,4,656.1,9,1.0
mason.chan66@gmail.com,4,4,13,1,3,6,1,11,18,2,6,967.61,11,1.0
mason.khan485@yahoo.com,7,11,5,3,1,7,4,9,14,2,2,877.59,10,1.0
mason.kim153@outlook.com,13,6,20,5,0,11,1,10,24,3,3,1224.28,13,1.0
mason.macdonald0@gmail.com,10,4,8,1,3,7,1,8,14,0,1,763.26,7,0.0
mason.nguyen184@gmail.com,5,2,14,1,3,5,5,11,16,4,2,988.26,10,0.0
mason.white315@icloud.com,6,9,13,2,2,14,4,8,19,2,2,1126.94,10,1.0
matthew.gonzalez102@icloud.com,3,4,9,4,4,5,3,4,15,1,4,812.72,11,1.0
matthew.huang36@outlook.com,1,3,7,1,0,4,2,5,6,1,2,488.62,8,1.0
matthew.ivanov407@icloud.com,6,3,8,3,0,10,4,11,16,1,3,855.99,9,0.0
matthew.khan286@icloud.com,6,1,8,1,1,9,2,7,16,2,4,783.14,11,1.0
matthew.kim255@hotmail.com,5,8,6,1,2,6,2,12,24,3,3,932.8,12,0.0
matthew.lau434@hotmail.com,2,4,9,0,2,4,5,7,8,1,3,770.59,6,1.0
matthew.martin413@yahoo.com,6,2,11,0,5,2,2,11,19,2,4,759.36,10,0.0
matthew.martin93@icloud.com,5,0,6,0,1,2,4,5,15,0,0,474.53,8,1.0
matthew.nguyen305@yahoo.com,8,0,5,0,4,4,5,9,20,0,2,691.18,9,1.0
matthew.thompson330@gmail.com,5,6,15,3,2,10,2,18,20,2,4,1320.07,13,0.0
matthew.white381@gmail.com,5,4,5,0,3,5,3,8,13,2,0,658.12,6,0.0
mia.anderson70@icloud.com,5,6,11,1,2,3,2,8,10,0,3,731.37,9,1.0
mia.chow496@icloud.com,13,5,18,6,6,11,10,11,24,4,2,1476.23,14,1.0
mia.ivanov452@outlook.com,5,2,9,1,2,2,2,5,13,2,2,634.19,8,0.0
mia.lam18@hotmail.com,5,6,14,2,2,11,4,12,25,2,2,1103.59,14,0.0
mia.lam354@outlook.com,6,6,5,2,3,6,1,5,23,2,2,822.64,11,1.0
mia.lee54@gmail.com,11,4,9,1,3,11,3,9,15,2,1,967.12,10,0.0
mia.lin430@hotmail.com,10,5,16,1,3,10,1,9,15,1,4,1165.63,13,0.0
mia.martinez92@icloud.com,8,9,17,8,0,9,4,17,25,2,2,1460.27,14,1.0
mia.nowak60@icloud.com,12,7,23,6,3,13,7,7,34,2,4,1434.6699999999998,15,0.0
mia.su464@yahoo.com,6,3,12,1,2,7,3,7,7,2,2,812.14,8,1.0
michael.chan62@hotmail.com,8,8,16,0,5,16,7,11,21,3,6,1444.46,13,1.0
michael.chen400@yahoo.com,8,7,10,5,0,9,6,7,20,0,0,955.65,13,1.0
michael.johnson307@icloud.com,5,4,9,1,2,4,5,7,8,1,1,720.39,8,0.0
michael.kim237@outlook.com,11,4,12,3,2,10,1,24,17,2,5,1385.8,12,0.0
michael.kowalski75@outlook.com,4,4,16,3,3,7,3,9,15,1,0,892.9699999999999,13,1.0
michael.lee149@outlook.com,2,3,8,2,5,7,1,5,15,1,1,674.88,7,1.0
michael.liu103@gmail.com,9,5,13,2,3,4,2,11,16,2,3,985.27,12,0.0
michael.martinez356@hotmail.com,5,7,5,2,4,4,3,14,22,1,5,873.7,10,0.0
michael.rodriguez11@gmail.com,3,3,9,0,1,2,4,5,16,2,0,469.49,9,0.0
michael.singh180@icloud.com,5,2,5,0,0,5,2,4,12,1,2,449.43,7,0.0
michael.taylor19@gmail.com,1,5,3,1,3,6,3,5,14,1,2,501.24,5,0.0
michael.tremblay219@gmail.com,2,2,5,3,0,2,4,3,10,1,0,353.32,5,1.0
mila.huang59@hotmail.com,8,4,6,3,2,11,4,8,18,0,0,747.1899999999999,13,1.0
mila.martinez56@hotmail.com,4,9,16,3,6,11,8,8,22,3,4,1272.44,11,1.0
mila.nguyen282@icloud.com,7,3,3,1,1,7,2,4,6,0,0,468.88,6,1.0
mila.nowak397@gmail.com,2,1,8,2,1,2,0,4,5,1,1,418.92,4,1.0
mila.nowak8@yahoo.com,4,6,10,4,5,4,3,2,11,0,2,704.71,8,1.0
mila.patel210@icloud.com,8,6,8,4,4,7,4,9,22,2,2,928.78,10,0.0
mila.singh382@hotmail.com,3,8,11,1,0,6,3,11,23,1,1,818.94,9,0.0
mila.taylor12@outlook.com,2,3,2,2,7,8,5,7,11,2,1,586.23,9,0.0
mila.wong346@hotmail.com,5,8,5,7,1,6,2,10,14,1,1,901.21,11,0.0
mila.zhang95@outlook.com,10,7,6,0,1,3,2,13,17,1,4,860.03,6,0.0
noah.chen294@gmail.com,4,5,6,0,0,9,0,10,15,1,5,666.97,9,0.0
noah.lau217@hotmail.com,7,5,8,4,3,9,1,9,14,0,5,964.91,11,1.0
noah.li242@yahoo.com,10,8,17,2,5,4,3,13,17,1,2,1152.33,11,1.0
noah.li458@outlook.com,15,3,9,1,0,6,3,16,19,2,2,937.33,10,0.0
noah.rodriguez480@yahoo.com,4,2,17,3,1,3,2,3,15,0,2,686.62,10,1.0
noah.wilson1@yahoo.com,9,3,7,2,4,3,2,4,6,1,3,641.59,6,1.0
nora.huang38@yahoo.com,2,2,3,0,4,2,1,3,8,0,1,302.05,2,1.0
nora.kowalski478@icloud.com,3,2,8,1,2,2,3,11,12,1,2,709.6999999999999,7,0.0
nora.li395@yahoo.com,7,3,9,0,0,2,3,3,15,3,2,549.74,8,1.0
nora.lopez296@icloud.com,11,3,11,3,5,6,4,13,19,2,1,964.02,13,0.0
nora.macdonald57@icloud.com,14,5,11,3,4,9,9,13,20,1,3,1156.26,13,1.0
nora.martin462@outlook.com,4,4,8,1,4,6,1,9,18,2,0,748.21,10,0.0
nora.patel34@outlook.com,6,3,8,9,3,3,3,4,21,3,5,897.77,9,1.0
nora.patel79@yahoo.com,1,4,4,1,2,2,1,2,6,0,1,366.35,4,0.0
nora.smith2@yahoo.com,9,4,20,3,4,12,4,10,21,2,6,1386.8600000000001,11,0.0
nora.thompson365@yahoo.com,7,5,7,8,3,9,5,9,23,2,1,950.41,14,1.0
nora.zhang360@icloud.com,11,2,12,5,3,13,3,10,16,5,0,1014.1999999999999,12,0.0
oliver.gonzalez236@icloud.com,6,5,9,5,3,4,3,13,20,1,2,938.79,10,1.0
oliver.kowalski251@outlook.com,16,15,22,4,4,14,13,18,26,3,7,1895.35,16,0.0
oliver.martinez342@outlook.com,1,1,3,1,1,4,0,3,5,1,0,303.81,4,0.0
oliver.su212@yahoo.com,7,3,9,1,2,8,2,12,18,1,4,774.79,13,1.0
oliver.wang362@gmail.com,8,7,8,3,2,8,4,10,15,0,4,991.02,13,1.0
oliver.zhang198@hotmail.com,3,4,3,1,2,2,2,3,10,0,1,429.78000000000003,7,1.0
oliver.zhang379@yahoo.com,3,3,6,1,0,5,1,7,17,4,3,610.21,8,0.0
olivia.anderson373@icloud.com,8,3,14,0,0,8,3,7,15,2,1,751.96,9,1.0
olivia.brown491@icloud.com,8,2,5,2,4,5,1,8,20,4,2,721.38,9,0.0
olivia.lin241@yahoo.com,8,8,11,2,3,4,1,6,18,5,4,987.91,10,0.0
olivia.liu302@outlook.com,6,6,8,1,2,7,2,16,23,3,3,1053.21,13,1.0
owen.anderson120@yahoo.com,9,6,5,4,4,5,2,13,22,3,3,1025.52,14,1.0
owen.anderson246@hotmail.com,4,0,5,1,3,7,1,7,11,1,1,510.01,8,1.0
owen.brown121@hotmail.com,6,4,9,0,1,1,2,7,18,1,3,657.61,9,0.0
owen.chan300@outlook.com,2,3,8,0,3,2,1,2,8,2,1,449.84,6,0.0
owen.garcia265@yahoo.com,1,0,3,1,1,2,0,1,4,1,2,172.48000000000002,2,1.0
owen.khan69@icloud.com,8,2,10,2,3,3,3,16,20,1,6,1000.1999999999999,9,1.0
owen.lin63@outlook.com,6,2,6,0,0,1,4,4,18,1,4,446.18,7,0.0
owen.wang363@hotmail.com,4,5,14,2,3,7,2,6,14,2,2,923.66,9,1.0
owen.wang410@outlook.com,11,11,20,4,5,16,4,18,27,1,3,1567.81,13,0.0
riley.anderson205@hotmail.com,9,3,9,1,3,6,1,9,14,1,4,847.1899999999999,12,1.0
riley.brown202@yahoo.com,11,3,8,2,1,1,5,6,18,2,2,745.41,9,1.0
riley.chan87@icloud.com,9,4,10,5,4,7,3,9,23,2,4,969.75,11,1.0
riley.chen260@gmail.com,4,6,5,2,3,7,2,6,6,2,0,570.11,4,1.0
riley.khan497@outlook.com,0,3,6,3,2,5,3,8,13,0,0,568.53,6,0.0
riley.martinez439@outlook.com,6,7,14,3,4,7,1,10,23,2,3,1009.7,9,0.0
riley.park490@hotmail.com,12,7,15,5,3,11,10,12,25,0,5,1268.3799999999999,13,0.0
riley.singh171@outlook.com,9,4,11,1,2,9,4,11,18,1,3,842.26,12,1.0
riley.su43@yahoo.com,5,5,12,5,3,6,2,14,30,2,2,1137.85,13,1.0
riley.su49@hotmail.com,3,6,8,2,0,11,1,8,14,1,1,759.28,9,1.0
riley.taylor465@yahoo.com,11,2,4,1,4,9,6,10,17,2,2,848.2,8,0.0
riley.thompson188@icloud.com,11,6,5,2,3,8,3,11,14,0,3,835.8199999999999,9,0.0
samuel.johnson46@hotmail.com,3,3,10,4,2,1,4,6,11,1,4,592.09,9,1.0
samuel.liu474@icloud.com,5,4,5,0,2,4,3,8,15,2,0,574.14,11,1.0
samuel.lopez91@icloud.com,9,6,15,5,5,7,7,26,21,3,4,1360.52,14,0.0
samuel.macdonald16@yahoo.com,11,1,7,1,4,4,1,10,8,1,1,713.37,10,1.0
samuel.martinez150@outlook.com,2,1,4,1,2,6,1,4,12,2,2,464.46000000000004,8,0.0
samuel.martinez343@gmail.com,10,8,12,5,1,5,3,12,28,2,4,1145.77,13,1.0
samuel.martinez420@icloud.com,9,2,7,2,1,8,3,7,17,5,5,840.23,7,0.0
samuel.nguyen203@icloud.com,2,1,4,1,1,1,0,2,5,0,0,228.99,3,1.0
samuel.park304@yahoo.com,4,2,10,4,1,8,2,7,19,2,0,690.04,10,0.0
samuel.roy108@gmail.com,6,4,6,4,5,9,4,6,22,3,1,773.67,9,1.0
samuel.wong41@icloud.com,2,6,9,2,1,8,2,13,18,1,2,864.14,8,0.0
scarlett.chan494@outlook.com,1,4,4,0,1,4,1,5,11,1,2,451.04999999999995,6,0.0
scarlett.kim244@icloud.com,4,4,7,0,4,3,3,3,7,3,0,471.51,5,1.0
scarlett.li216@hotmail.com,15,6,10,2,3,7,2,10,13,1,2,1000.25,14,1.0
scarlett.liu359@hotmail.com,4,3,2,0,2,2,1,7,6,0,0,368.53000000000003,6,1.0
scarlett.singh428@yahoo.com,4,0,5,2,1,5,1,4,9,0,2,465.5,7,1.0
scarlett.singh94@yahoo.com,3,3,5,1,2,5,3,7,17,0,2,613.1,9,1.0
scarlett.su40@outlook.com,6,2,6,1,1,5,0,4,9,0,2,421.8,7,1.0
scarlett.white270@outlook.com,4,4,3,1,2,1,0,5,10,0,1,379.81,7,1.0
sebastian.garcia226@outlook.com,11,3,11,3,2,11,4,8,19,2,3,959.29,12,1.0
sebastian.gonzalez98@gmail.com,12,2,12,0,3,9,3,10,17,2,2,1040.57,9,1.0
sebastian.johnson306@gmail.com,12,4,8,2,2,4,3,11,25,0,2,879.75,7,1.0
sebastian.khan301@outlook.com,6,2,6,2,3,5,3,7,14,0,1,586.66,8,1.0
sebastian.macdonald267@yahoo.com,2,2,9,0,2,5,4,13,12,2,3,714.4,12,1.0
sebastian.macdonald378@hotmail.com,5,8,19,3,1,9,5,11,9,1,2,1158.51,9,1.0
sebastian.martinez371@hotmail.com,6,4,10,1,3,9,7,10,19,4,5,1018.49,11,1.0
sebastian.nguyen483@hotmail.com,4,2,4,1,1,6,3,11,12,1,3,662.11,6,1.0
sebastian.su213@yahoo.com,12,6,13,6,4,7,6,15,22,1,5,1265.6499999999999,13,0.0
sofia.johnson337@hotmail.com,7,5,5,1,0,5,2,11,14,0,5,728.83,12,0.0
sofia.johnson489@outlook.com,4,4,9,2,0,10,4,7,15,1,4,900.56,11,1.0
sofia.lee476@icloud.com,1,3,6,2,3,7,3,6,15,0,4,615.57,9,1.0
sofia.liu117@gmail.com,2,1,5,1,1,3,1,1,4,0,1,314.85,4,0.0
sofia.liu204@outlook.com,2,3,3,1,1,2,3,3,7,3,1,376.31,5,1.0
sofia.park165@icloud.com,10,3,9,1,3,8,5,13,12,1,2,930.3399999999999,9,1.0
sofia.patel144@yahoo.com,6,5,11,2,4,9,5,13,23,4,4,1161.28,11,1.0
sofia.su390@outlook.com,7,6,9,3,2,6,2,7,17,0,3,823.5699999999999,10,0.0
sofia.su469@yahoo.com,6,5,7,4,0,4,2,9,15,2,2,733.1700000000001,8,1.0
sofia.taylor471@icloud.com,7,6,6,1,2,3,4,6,26,3,1,739.05,12,1.0
sofia.thompson155@icloud.com,11,6,13,2,5,10,4,12,19,3,3,1164.6,15,0.0
sophia.chan181@outlook.com,1,7,12,1,1,4,5,8,14,0,1,690.37,9,0.0
sophia.ivanov110@hotmail.com,4,5,8,1,1,7,1,6,13,1,2,721.92,6,1.0
sophia.kowalski234@outlook.com,12,3,7,2,1,5,2,11,13,4,1,818.8100000000001,12,0.0
sophia.lam209@yahoo.com,4,5,3,1,5,3,2,7,12,0,0,564.6899999999999,7,1.0
sophia.nguyen104@outlook.com,3,3,8,4,3,5,1,4,14,1,1,581.15,6,0.0
sophia.nguyen424@yahoo.com,3,5,7,0,3,7,4,6,13,1,2,646.1,8,1.0
sophia.park321@hotmail.com,13,7,19,4,4,8,0,10,21,0,2,1255.17,13,1.0
sophia.park387@icloud.com,6,7,12,4,1,5,1,15,21,1,4,1130.98,12,0.0
sophia.rodriguez29@yahoo.com,3,2,3,2,1,3,2,5,9,1,0,452.59,5,0.0
sophia.singh432@hotmail.com,14,6,22,4,1,8,5,7,25,2,2,1295.03,11,0.0
sophia.tremblay269@gmail.com,9,2,9,1,0,6,2,14,17,2,2,900.8000000000001,10,1.0
sophia.white264@hotmail.com,6,2,6,1,4,6,4,6,15,2,2,691.85,8,0.0
victoria.anderson348@gmail.com,2,2,4,4,1,3,2,9,9,1,1,507.7,6,1.0
victoria.anderson404@icloud.com,6,6,7,2,1,6,1,4,11,2,2,707.73,9,0.0
victoria.huang183@outlook.com,5,5,2,0,0,5,3,7,8,2,1,485.3,7,1.0
victoria.ivanov472@hotmail.com,10,3,11,1,3,7,1,13,20,0,3,960.5,12,1.0
victoria.lee138@icloud.com,9,3,5,3,1,5,2,5,14,0,6,663.98,6,0.0
victoria.lee331@outlook.com,9,5,18,2,4,10,7,11,26,5,7,1309.69,16,1.0
victoria.liu309@hotmail.com,3,6,13,0,4,10,2,8,15,2,1,849.61,11,1.0
victoria.martin295@yahoo.com,11,4,10,2,1,5,3,8,14,1,0,848.1899999999999,11,0.0
victoria.nowak99@outlook.com,4,3,6,3,3,9,4,7,15,1,3,702.8,8,0.0
victoria.roy289@gmail.com,4,3,7,0,3,9,2,4,11,1,3,570.49,8,1.0
victoria.roy67@hotmail.com,22,8,11,4,6,13,5,14,21,0,4,1284.24,13,1.0
victoria.smith82@outlook.com,7,4,14,3,3,14,2,13,21,1,5,1167.87,12,0.0
william.ivanov235@hotmail.com,2,2,5,3,1,3,3,10,12,0,1,555.21,10,0.0
william.khan206@hotmail.com,4,1,4,1,0,6,4,6,8,1,1,463.91999999999996,6,1.0
william.kowalski126@gmail.com,2,4,3,4,1,4,2,7,8,0,0,523.47,7,1.0
william.lam111@gmail.com,4,2,8,4,0,3,1,8,19,2,1,745.95,8,1.0
william.macdonald386@gmail.com,6,9,7,2,1,6,2,9,10,0,4,788.27,9,0.0
william.nguyen90@hotmail.com,7,4,7,3,2,7,1,10,16,0,4,836.31,7,1.0
william.smith280@hotmail.com,4,7,11,1,0,3,0,5,11,2,1,668.59,8,1.0
wyatt.brown146@outlook.com,8,2,3,0,4,5,4,5,14,2,0,581.0,6,1.0
wyatt.brown357@gmail.com,4,2,4,4,0,5,1,8,10,0,1,601.52,8,0.0
wyatt.garcia284@outlook.com,7,6,6,2,1,6,3,7,14,0,1,705.8299999999999,9,1.0
wyatt.li279@yahoo.com,7,1,9,3,2,4,3,9,9,1,3,772.87,6,0.0
wyatt.martin479@yahoo.com,6,5,12,3,3,3,2,12,15,2,0,865.45,9,1.0
wyatt.su495@icloud.com,3,3,13,7,6,13,6,10,21,3,5,1349.82,10,1.0
wyatt.tremblay128@hotmail.com,9,4,7,3,0,7,2,4,14,3,1,698.29,7,1.0
wyatt.tremblay450@yahoo.com,0,4,6,2,0,5,2,5,9,0,0,435.33,6,1.0
zoey.huang368@outlook.com,2,3,12,1,2,5,1,5,11,1,2,591.18,6,1.0
zoey.kowalski247@icloud.com,2,4,6,0,1,4,0,8,7,0,2,509.77,8,1.0
zoey.nguyen372@outlook.com,6,2,5,4,5,4,2,7,16,0,2,681.94,10,1.0
zoey.roy215@gmail.com,2,5,7,1,2,3,2,4,7,0,2,476.52,6,0.0
zoey.roy271@outlook.com,11,4,9,3,2,7,3,7,11,0,1,725.77,10,1.0
zoey.su268@hotmail.com,4,4,4,0,2,7,4,5,9,2,0,545.5600000000001,8,1.0
zoey.white80@hotmail.com,3,1,10,0,0,5,1,9,15,1,1,599.67,9,0.0
